{"critic_grad_norm":0,"_runtime":291.233698,"gradients/layer1.weight":{"_type":"histogram","values":[1,2,1,0,0,2,0,1,0,2,0,0,1,4,9,11,4,12,15,13,6,30,45,49,66,103,174,247,431,817,5402,880,423,284,198,123,90,63,56,37,27,20,20,13,9,11,4,6,3,2,3,0,2,0,1,2,0,0,0,1,0,1,0,1],"bins":[-1.5540144443511963,-1.5032325983047485,-1.4524507522583008,-1.401668906211853,-1.3508870601654053,-1.3001052141189575,-1.2493233680725098,-1.198541522026062,-1.1477596759796143,-1.096977949142456,-1.0461961030960083,-0.9954141974449158,-0.9446324110031128,-0.893850564956665,-0.8430687189102173,-0.7922868728637695,-0.7415050268173218,-0.690723180770874,-0.6399413347244263,-0.5891594886779785,-0.5383776426315308,-0.4875958263874054,-0.43681401014328003,-0.3860321640968323,-0.3352503180503845,-0.28446847200393677,-0.2336866408586502,-0.18290480971336365,-0.1321229636669159,-0.08134112507104874,-0.03055928647518158,0.020222552120685577,0.07100427150726318,0.12178611010313034,0.1725679486989975,0.22334977984428406,0.2741316258907318,0.32491347193717957,0.37569528818130493,0.4264771342277527,0.47725898027420044,0.5280408263206482,0.578822672367096,0.6296045184135437,0.6803863048553467,0.7311681509017944,0.7819499969482422,0.8327318429946899,0.8835136890411377,0.9342955350875854,0.9850773811340332,1.035859227180481,1.0866410732269287,1.1374229192733765,1.1882047653198242,1.238986611366272,1.2897684574127197,1.340550184249878,1.3913320302963257,1.4421138763427734,1.4928957223892212,1.543677568435669,1.5944594144821167,1.6452412605285645,1.6960231065750122]},"gradients/layer2.weight":{"values":[3,1,3,3,1,1,4,1,1,1,3,11,11,11,21,6,24,32,36,42,55,57,114,116,187,231,311,488,823,1854,9173,902,504,381,252,156,107,99,70,55,54,36,25,22,21,11,13,11,13,8,5,4,0,4,0,1,0,1,0,1,0,1,0,2],"bins":[-1.2550768852233887,-1.213469386100769,-1.1718618869781494,-1.1302545070648193,-1.0886470079421997,-1.04703950881958,-1.0054320096969604,-0.9638245701789856,-0.9222171306610107,-0.8806096315383911,-0.8390021324157715,-0.7973946928977966,-0.755787193775177,-0.7141797542572021,-0.6725722551345825,-0.6309648156166077,-0.589357316493988,-0.5477498173713684,-0.5061423778533936,-0.4645349085330963,-0.4229274392127991,-0.38131994009017944,-0.3397124707698822,-0.29810500144958496,-0.2564975321292877,-0.21489006280899048,-0.17328259348869324,-0.1316751092672348,-0.09006763994693756,-0.04846016690135002,-0.006852693855762482,0.03475477918982506,0.0763622522354126,0.11796972155570984,0.15957719087600708,0.20118467509746552,0.24279214441776276,0.2843996286392212,0.32600709795951843,0.3676145672798157,0.4092220366001129,0.45082950592041016,0.4924369752407074,0.5340444445610046,0.5756519436836243,0.6172593832015991,0.6588668823242188,0.7004743218421936,0.7420818209648132,0.7836893200874329,0.8252967596054077,0.8669042587280273,0.9085116982460022,0.9501191973686218,0.9917266368865967,1.0333341360092163,1.074941635131836,1.1165491342544556,1.1581565141677856,1.1997640132904053,1.241371512413025,1.2829790115356445,1.3245863914489746,1.3661938905715942,1.4078013896942139],"_type":"histogram"},"gradients/layer3.weight":{"_type":"histogram","values":[2,0,0,3,2,3,4,3,1,6,5,4,15,7,9,12,13,12,15,13,14,35,44,67,50,95,116,201,231,419,13495,168,145,130,85,85,89,65,55,41,36,38,24,27,16,14,16,8,11,6,6,9,9,5,3,1,5,2,1,2,0,0,0,2],"bins":[-1.286405324935913,-1.2444912195205688,-1.2025771141052246,-1.1606628894805908,-1.1187487840652466,-1.0768346786499023,-1.034920573234558,-0.9930064082145691,-0.9510923027992249,-0.9091781973838806,-0.8672640323638916,-0.8253499269485474,-0.7834358215332031,-0.7415216565132141,-0.6996075510978699,-0.6576933860778809,-0.6157792806625366,-0.5738651752471924,-0.5319510102272034,-0.49003690481185913,-0.4481227695941925,-0.4062086343765259,-0.36429452896118164,-0.322380393743515,-0.2804662585258484,-0.23855212330818176,-0.19663800299167633,-0.1547238826751709,-0.11280974745750427,-0.07089561969041824,-0.028981491923332214,0.012932635843753815,0.054846882820129395,0.09676101058721542,0.13867513835430145,0.18058925867080688,0.2225033938884735,0.26441752910614014,0.3063316345214844,0.348245769739151,0.3901599049568176,0.43207404017448425,0.4739881753921509,0.5159022808074951,0.5578163862228394,0.5997305512428284,0.6416446566581726,0.6835588216781616,0.7254729270935059,0.7673870325088501,0.8093011975288391,0.8512153029441833,0.8931294679641724,0.9350435733795166,0.9769576787948608,1.018871784210205,1.0607860088348389,1.102700114250183,1.1446142196655273,1.1865283250808716,1.2284424304962158,1.27035653591156,1.3122707605361938,1.354184865951538,1.3960989713668823]},"_step":922,"critic_loss":114.10021209716797,"_wandb":{"runtime":293},"lambda_return_mean":-1.886840581893921,"_timestamp":1.72884636516626e+09,"gradients/layer2.bias":{"values":[1,0,1,0,0,1,0,0,0,1,0,0,0,1,2,2,0,1,2,2,3,3,1,1,4,3,1,5,2,7,6,29,7,5,3,3,3,4,3,3,0,3,1,0,0,1,2,2,1,1,1,0,0,3,0,0,1,1,0,0,0,0,0,1],"bins":[-1.0093023777008057,-0.9777059555053711,-0.9461095333099365,-0.914513111114502,-0.8829166889190674,-0.8513202667236328,-0.8197238445281982,-0.7881274223327637,-0.7565310001373291,-0.7249346375465393,-0.6933382153511047,-0.6617417931556702,-0.6301453709602356,-0.598548948764801,-0.5669525265693665,-0.5353561043739319,-0.5037596821784973,-0.47216325998306274,-0.4405668377876282,-0.4089704155921936,-0.37737399339675903,-0.34577760100364685,-0.3141811788082123,-0.2825847566127777,-0.25098833441734314,-0.21939191222190857,-0.187795490026474,-0.15619908273220062,-0.12460266053676605,-0.09300623834133148,-0.06140982359647751,-0.029813405126333237,0.0017830133438110352,0.03337943181395531,0.06497585028409958,0.09657226502895355,0.12816868722438812,0.1597651094198227,0.19136151671409607,0.22295793890953064,0.2545543611049652,0.2861507833003998,0.31774720549583435,0.3493436276912689,0.3809400200843811,0.4125364422798157,0.44413286447525024,0.4757292866706848,0.5073257088661194,0.538922131061554,0.5705185532569885,0.6021149754524231,0.6337113976478577,0.6653078198432922,0.6969042420387268,0.7285006642341614,0.7600970268249512,0.7916934490203857,0.8232898712158203,0.8548862934112549,0.8864827156066895,0.918079137802124,0.9496755599975586,0.9812719821929932,1.0128684043884277],"_type":"histogram"},"advantage_mean":-0.00021202300558798015,"episode":922,"coma_loss":-0.04061916843056679,"gradients/layer3.bias":{"values":[1,0,0,0,0,1,0,0,0,1,0,1,0,0,1,1,1,1,0,2,1,0,1,3,2,4,1,2,10,75,0,0,0,0,1,1,0,1,0,0,4,0,1,1,2,2,0,1,0,0,0,0,1,0,0,0,0,0,0,0,0,0,0,1],"bins":[-2.6101768016815186,-2.5207724571228027,-2.431368112564087,-2.341963529586792,-2.252559185028076,-2.1631548404693604,-2.0737504959106445,-1.9843460321426392,-1.8949416875839233,-1.8055373430252075,-1.7161328792572021,-1.6267285346984863,-1.5373241901397705,-1.4479197263717651,-1.3585153818130493,-1.269110918045044,-1.1797065734863281,-1.0903022289276123,-1.000897765159607,-0.9114934206008911,-0.8220890164375305,-0.7326846122741699,-0.6432802677154541,-0.5538758635520935,-0.4644714593887329,-0.3750670552253723,-0.2856626808643341,-0.1962582916021347,-0.1068539023399353,-0.0174495130777359,0.0719548761844635,0.1613592654466629,0.2507638931274414,0.340168297290802,0.4295726716518402,0.5189770460128784,0.608381450176239,0.6977858543395996,0.7871901988983154,0.876594603061676,0.9659990072250366,1.0554033517837524,1.1448078155517578,1.2342121601104736,1.3236165046691895,1.4130209684371948,1.5024253129959106,1.591829776763916,1.6812341213226318,1.7706384658813477,1.860042929649353,1.9494472742080688,2.038851737976074,2.12825608253479,2.217660427093506,2.3070647716522217,2.3964691162109375,2.4858736991882324,2.5752780437469482,2.664682388305664,2.75408673286438,2.8434910774230957,2.9328956604003906,3.0223000049591064,3.1117043495178223],"_type":"histogram"},"agent_grad_norm":0.2010987550020218,"gradients/layer1.bias":{"_type":"histogram","values":[1,0,0,1,0,1,0,0,0,0,0,0,1,0,0,0,1,2,0,1,1,1,1,2,0,2,4,3,3,5,13,3,6,32,6,3,2,1,3,1,5,5,1,2,3,0,0,1,2,2,0,0,0,2,0,1,0,1,1,0,0,1,0,1],