{"_step":749,"episode":749,"gradients/graph_1layer3.weight":{"_type":"histogram","values":[1920],"bins":[0,0]},"gradients/layer2.weight":{"_type":"histogram","values":[2,3,1,1,0,3,0,1,2,0,2,2,4,1,1,9,8,12,8,20,33,46,61,101,160,276,569,1335,11578,974,425,223,157,95,67,40,29,24,16,19,12,10,11,4,4,8,5,2,5,3,4,0,1,2,0,0,0,0,2,1,0,0,0,2],"bins":[-1.5591957569122314,-1.5042260885238647,-1.4492565393447876,-1.394286870956421,-1.3393172025680542,-1.284347653388977,-1.2293779850006104,-1.1744083166122437,-1.119438648223877,-1.0644690990447998,-1.009499430656433,-0.9545298218727112,-0.8995602130889893,-0.8445905447006226,-0.7896209359169006,-0.7346512675285339,-0.679681658744812,-0.6247120499610901,-0.5697423815727234,-0.5147727727890015,-0.45980313420295715,-0.40483349561691284,-0.3498638868331909,-0.2948942482471466,-0.2399246096611023,-0.18495497107505798,-0.12998534739017487,-0.07501571625471115,-0.020046085119247437,0.03492354601621628,0.08989317715167999,0.1448628008365631,0.19983232021331787,0.2548019587993622,0.3097715973854065,0.3647412061691284,0.41971084475517273,0.47468048334121704,0.529650092124939,0.5846197605133057,0.6395893692970276,0.6945589780807495,0.7495286464691162,0.8044982552528381,0.8594678640365601,0.9144375324249268,0.9694071412086487,1.0243767499923706,1.0793464183807373,1.134316086769104,1.1892856359481812,1.2442553043365479,1.2992249727249146,1.3541945219039917,1.4091641902923584,1.464133858680725,1.5191035270690918,1.574073076248169,1.6290427446365356,1.6840124130249023,1.7389819622039795,1.7939516305923462,1.848921298980713,1.90389084815979,1.9588605165481567]},"gradients/layer1.bias":{"values":[1,0,1,0,1,2,0,1,0,1,3,3,1,0,2,4,0,3,1,2,5,1,1,1,1,2,8,33,5,4,4,3,1,4,3,4,1,7,1,1,2,0,1,1,0,0,1,0,0,1,0,0,2,0,1,0,0,0,0,1,0,0,0,2],"bins":[-0.33125796914100647,-0.3194076120853424,-0.30755725502967834,-0.2957068979740143,-0.2838565707206726,-0.27200621366500854,-0.2601558566093445,-0.24830549955368042,-0.23645514249801636,-0.2246048003435135,-0.21275444328784943,-0.20090408623218536,-0.1890537440776825,-0.17720338702201843,-0.16535302996635437,-0.1535026878118515,-0.14165233075618744,-0.12980197370052338,-0.11795162409543991,-0.10610127449035645,-0.09425091743469238,-0.08240056782960892,-0.07055021822452545,-0.05869986489415169,-0.046849511563777924,-0.03499915823340416,-0.023148806765675545,-0.011298454366624355,0.0005518980324268341,0.012402250431478024,0.024252602830529213,0.03610295429825783,0.04795330762863159,0.059803660959005356,0.07165401428937912,0.08350436389446259,0.09535472095012665,0.10720507055521011,0.11905542016029358,0.13090577721595764,0.1427561342716217,0.15460647642612457,0.16645683348178864,0.1783071905374527,0.19015753269195557,0.20200788974761963,0.2138582468032837,0.22570858895778656,0.23755894601345062,0.24940930306911469,0.26125964522361755,0.2731100022792816,0.2849603593349457,0.29681071639060974,0.3086610734462738,0.3205114006996155,0.33236175775527954,0.3442121148109436,0.35606247186660767,0.36791282892227173,0.3797631859779358,0.39161351323127747,0.40346387028694153,0.4153142273426056,0.42716458439826965],"_type":"histogram"},"critic_grad_norm":4.670637281378731e-06,"gradients/layer3.weight":{"values":[2,1,2,0,1,1,2,1,1,2,2,3,0,0,2,2,1,3,5,3,5,6,2,8,7,13,14,23,22,25,48,72,109,165,903,112,75,62,38,25,24,26,22,9,16,9,8,6,6,3,5,5,3,2,3,0,1,2,0,0,1,0,0,1],"bins":[-1.0968416929244995,-1.064695954322815,-1.0325502157211304,-1.0004044771194458,-0.968258798122406,-0.9361130595207214,-0.9039673209190369,-0.8718215823173523,-0.8396759033203125,-0.8075301647186279,-0.7753844261169434,-0.7432386875152588,-0.7110929489135742,-0.6789472103118896,-0.6468015313148499,-0.6146557927131653,-0.5825100541114807,-0.5503643155097961,-0.5182185769081116,-0.4860728681087494,-0.4539271593093872,-0.42178142070770264,-0.38963568210601807,-0.3574899733066559,-0.3253442347049713,-0.29319849610328674,-0.26105278730392456,-0.22890704870224,-0.1967613250017166,-0.16461560130119324,-0.13246986269950867,-0.10032413899898529,-0.06817835569381714,-0.036032628268003464,-0.003886900842189789,0.028258826583623886,0.06040455400943756,0.09255027770996094,0.12469600886106491,0.15684174001216888,0.18898746371269226,0.22113318741321564,0.253278911113739,0.2854246497154236,0.31757038831710815,0.34971609711647034,0.3818618357181549,0.4140075445175171,0.44615328311920166,0.47829902172088623,0.5104447603225708,0.5425904393196106,0.5747361779212952,0.6068819165229797,0.6390276551246643,0.6711733937263489,0.7033190727233887,0.7354648113250732,0.7676105499267578,0.7997562885284424,0.831902027130127,0.8640477657318115,0.8961934447288513,0.9283391833305359,0.9604849219322205],"_type":"histogram"},"gradients/graph_1layer1.bias":{"bins":[0,0],"_type":"histogram","values":[128]},"gradients/layer1.weight":{"_type":"histogram","values":[1,0,0,0,0,0,1,1,0,1,0,0,0,1,0,1,4,0,3,1,1,9,7,15,18,27,44,44,78,118,171,293,487,766,5356,634,416,243,147,93,81,46,27,21,15,16,9,2,3,3,3,1,1,1,2,1,0,0,0,0,0,1,0,2],"bins":[-1.9795085191726685,-1.9218724966049194,-1.8642364740371704,-1.806600570678711,-1.748964548110962,-1.691328525543213,-1.6336925029754639,-1.5760564804077148,-1.5184204578399658,-1.4607845544815063,-1.4031485319137573,-1.3455125093460083,-1.2878764867782593,-1.2302404642105103,-1.1726045608520508,-1.1149685382843018,-1.0573325157165527,-0.9996964931488037,-0.9420605301856995,-0.8844245076179504,-0.8267885446548462,-0.7691525220870972,-0.7115164995193481,-0.6538805365562439,-0.5962445139884949,-0.5386084914207458,-0.4809725284576416,-0.4233365058898926,-0.36570051312446594,-0.3080645203590393,-0.2504284977912903,-0.19279250502586365,-0.135156512260437,-0.07752051204442978,-0.019884511828422546,0.037751488387584686,0.09538748860359192,0.15302348136901855,0.21065948903560638,0.2682954967021942,0.32593148946762085,0.3835674822330475,0.4412034749984741,0.49883949756622314,0.5564755201339722,0.6141114830970764,0.6717475056648254,0.7293834686279297,0.7870194911956787,0.8446555137634277,0.902291476726532,0.959927499294281,1.0175634622573853,1.0751994848251343,1.1328355073928833,1.1904715299606323,1.2481074333190918,1.3057434558868408,1.3633794784545898,1.4210155010223389,1.478651523590088,1.536287546157837,1.5939234495162964,1.6515594720840454,1.7091954946517944]},"_timestamp":1.727277344927831e+09,"return_mean":4.4577369573417513e-10,"actor_advantage_mean":0.0005191601812839508,"gradients/layer2.bias":{"values":[1,0,0,0,0,1,1,0,0,0,0,0,2,1,0,1,0,1,0,4,4,8,9,74,1,4,4,4,0,0,1,2,0,0,1,0,0,1,0,0,0,0,0,0,0,0,0,0,1,0,0,0,0,0,0,0,0,1,0,0,0,0,0,1],"bins":[-0.819697380065918,-0.7841248512268066,-0.7485523223876953,-0.7129798531532288,-0.6774073243141174,-0.6418347954750061,-0.6062623262405396,-0.5706897974014282,-0.5351172685623169,-0.49954473972320557,-0.4639722406864166,-0.4283997416496277,-0.39282721281051636,-0.35725468397140503,-0.3216821849346161,-0.28610968589782715,-0.2505371570587158,-0.21496464312076569,-0.17939212918281555,-0.14381961524486542,-0.10824710130691528,-0.07267458736896515,-0.037102073431015015,-0.0015295594930648804,0.034042954444885254,0.06961546838283539,0.10518798232078552,0.14076049625873566,0.1763330101966858,0.21190552413463593,0.24747803807258606,0.283050537109375,0.31862306594848633,0.35419559478759766,0.3897680938243866,0.42534059286117554,0.46091312170028687,0.4964856505393982,0.5320581197738647,0.5676306486129761,0.6032031774520874,0.6387757062911987,0.6743482351303101,0.7099207043647766,0.7454932332038879,0.7810657620429993,0.8166382312774658,0.8522107601165771,0.8877832889556885,0.9233558177947998,0.9589283466339111,0.9945008158683777,1.0300734043121338,1.0656458139419556,1.101218342781067,1.1367908716201782,1.1723634004592896,1.2079359292984009,1.2435084581375122,1.2790809869766235,1.3146533966064453,1.3502259254455566,1.385798454284668,1.4213709831237793,1.4569435119628906],"_type":"histogram"},"_runtime":3435.304986,"return_std":4.236515815136954e-05,"critic_loss":8.180568028537394e-11,"pi_max":0.8300848007202148,