{"gradients/layer2.weight":{"values":[1,0,0,0,0,0,1,2,1,2,7,5,6,7,20,21,38,44,54,89,129,242,314,576,881,10079,1890,745,410,276,172,106,75,57,38,25,16,9,5,7,4,4,3,3,5,2,2,3,2,1,1,1,0,2,0,0,0,0,0,0,0,0,0,1],"bins":[-0.3797725439071655,-0.3651508092880249,-0.35052910447120667,-0.33590736985206604,-0.3212856650352478,-0.3066639304161072,-0.29204219579696655,-0.2774204909801483,-0.2627987563610077,-0.24817703664302826,-0.23355531692504883,-0.2189335972070694,-0.20431187748908997,-0.18969015777111053,-0.1750684231519699,-0.16044670343399048,-0.14582498371601105,-0.13120326399803162,-0.11658153682947159,-0.10195981711149216,-0.08733808994293213,-0.0727163702249527,-0.05809465050697327,-0.04347292706370354,-0.028851203620433807,-0.014229481108486652,0.0003922414034605026,0.015013963915407658,0.029635686427354813,0.04425740987062454,0.05887912958860397,0.073500856757164,0.08812257647514343,0.10274429619312286,0.11736602336168289,0.13198775053024292,0.14660947024822235,0.16123118996620178,0.1758529096841812,0.19047462940216064,0.20509636402130127,0.2197180837392807,0.23433980345726013,0.24896152317523956,0.263583242893219,0.2782049775123596,0.29282668232917786,0.3074484169483185,0.3220701217651367,0.33669185638427734,0.35131359100341797,0.3659352958202362,0.38055703043937683,0.39517873525619507,0.4098004698753357,0.4244222044944763,0.43904390931129456,0.4536656439304352,0.4682873487472534,0.48290908336639404,0.49753081798553467,0.5121525526046753,0.5267742276191711,0.5413959622383118,0.5560176968574524],"_type":"histogram"},"advantage_mean":0.011196905747056007,"lambda_return_mean":1.1546965837478638,"gradients/layer3.weight":{"values":[2,0,0,0,2,0,0,0,0,2,2,0,1,2,2,1,2,4,1,1,4,3,2,4,1,1,8,1,3,12,4,6,5,5,7,11,27,38,114,15390,68,61,53,30,15,15,19,19,11,7,14,6,3,1,1,2,2,0,0,1,0,1,1,2],"bins":[-0.8279935717582703,-0.8070061802864075,-0.7860188484191895,-0.7650314569473267,-0.7440440654754639,-0.7230566740036011,-0.7020693421363831,-0.6810819506645203,-0.6600945591926575,-0.6391072273254395,-0.6181198358535767,-0.5971324443817139,-0.5761450529098511,-0.5551577210426331,-0.5341703295707703,-0.5131829380989075,-0.49219557642936707,-0.47120821475982666,-0.45022082328796387,-0.42923346161842346,-0.40824607014656067,-0.38725870847702026,-0.36627131700515747,-0.34528395533561707,-0.32429659366607666,-0.30330920219421387,-0.28232184052467346,-0.26133444905281067,-0.24034708738327026,-0.21935971081256866,-0.19837233424186707,-0.17738495767116547,-0.15639758110046387,-0.13541020452976227,-0.11442282795906067,-0.09343545883893967,-0.07244808226823807,-0.05146070569753647,-0.030473332852125168,-0.009485958144068718,0.011501416563987732,0.03248879313468933,0.05347616598010063,0.07446353882551193,0.09545091539621353,0.11643829196691513,0.13742566108703613,0.15841303765773773,0.17940041422843933,0.20038779079914093,0.22137516736984253,0.24236254394054413,0.2633499205112457,0.28433728218078613,0.3053246736526489,0.32631203532218933,0.34729939699172974,0.36828678846359253,0.38927415013313293,0.4102615416049957,0.43124890327453613,0.4522362947463989,0.47322365641593933,0.4942110478878021,0.5151984095573425],"_type":"histogram"},"critic_grad_norm":0,"gradients/layer2.bias":{"_type":"histogram","values":[1,0,0,1,0,0,2,1,0,0,0,2,3,1,2,1,5,5,6,3,8,4,4,42,4,1,6,4,1,3,1,1,3,3,2,3,0,0,0,1,2,0,0,0,0,0,0,0,0,0,0,0,0,1,0,0,0,0,0,0,0,0,0,1],"bins":[-0.2254839390516281,-0.2160557359457016,-0.20662754774093628,-0.19719934463500977,-0.18777114152908325,-0.17834295332431793,-0.16891475021839142,-0.1594865620136261,-0.15005835890769958,-0.14063015580177307,-0.13120196759700775,-0.12177376449108124,-0.11234556883573532,-0.1029173731803894,-0.09348917007446289,-0.08406097441911697,-0.07463277876377106,-0.06520458310842514,-0.055776383727788925,-0.04634818434715271,-0.03691998869180679,-0.027491791173815727,-0.01806359365582466,-0.008635396137833595,0.0007928013801574707,0.010220998898148537,0.019649196416139603,0.02907739393413067,0.038505591452121735,0.04793378710746765,0.05736198648810387,0.06679018586874008,0.0762183666229248,0.08564656227827072,0.09507475793361664,0.10450296103954315,0.11393115669488907,0.12335935235023499,0.1327875554561615,0.14221574366092682,0.15164394676685333,0.16107214987277985,0.17050033807754517,0.17992854118347168,0.1893567442893982,0.1987849324941635,0.20821313560009003,0.21764132380485535,0.22706952691078186,0.23649773001670837,0.2459259182214737,0.255354106426239,0.2647823095321655,0.27421051263809204,0.28363871574401855,0.29306691884994507,0.3024951219558716,0.3119232952594757,0.3213514983654022,0.33077970147132874,0.34020790457725525,0.34963610768318176,0.3590642809867859,0.3684924840927124,0.3779206871986389]},"gradients/layer3.bias":{"values":[1,0,0,0,0,0,0,0,0,0,0,0,0,0,0,0,0,0,0,0,0,1,0,0,0,0,0,0,0,0,0,0,0,2,0,1,0,1,3,111,0,0,0,0,1,0,0,0,0,0,0,0,1,0,0,2,0,0,0,0,0,0,0,1],"bins":[-1.0462819337844849,-1.0195270776748657,-0.9927721619606018,-0.9660173058509827,-0.9392623901367188,-0.9125075340270996,-0.8857526779174805,-0.8589977622032166,-0.8322429060935974,-0.8054880499839783,-0.7787331342697144,-0.7519782781600952,-0.7252234220504761,-0.6984685063362122,-0.671713650226593,-0.6449587345123291,-0.61820387840271,-0.5914490222930908,-0.5646941065788269,-0.5379392504692078,-0.5111843347549438,-0.4844294786453247,-0.45767462253570557,-0.43091973662376404,-0.4041648507118225,-0.377409964799881,-0.35065507888793945,-0.3239002227783203,-0.2971453368663788,-0.27039045095443726,-0.24363557994365692,-0.2168807089328766,-0.19012588262557983,-0.1633709967136383,-0.13661612570285797,-0.10986124724149704,-0.08310636878013611,-0.05635149031877518,-0.029596611857414246,-0.002841733396053314,0.023913145065307617,0.05066802352666855,0.07742290198802948,0.10417778044939041,0.13093265891075134,0.15768754482269287,0.1844424158334732,0.21119728684425354,0.23795217275619507,0.2647070586681366,0.2914619445800781,0.31821680068969727,0.3449716866016388,0.3717265725135803,0.39848142862319946,0.425236314535141,0.4519912004470825,0.47874608635902405,0.5055009722709656,0.5322558283805847,0.5590107440948486,0.5857656002044678,0.6125204563140869,0.6392753720283508,0.66603022813797],"_type":"histogram"},"agent_grad_norm":0.18902048468589783,"coma_loss":0.028776932507753372,"gradients/layer1.weight":{"values":[1,0,0,0,0,0,0,0,0,0,0,1,0,0,0,0,0,1,4,2,3,3,2,6,8,16,24,45,65,82,92,133,212,317,498,868,5293,738,403,284,178,166,126,58,36,15,16,16,6,3,1,3,1,0,0,1,0,0,0,0,0,0,0,1],"bins":[-0.520832359790802,-0.5065036416053772,-0.4921749532222748,-0.47784626483917236,-0.46351754665374756,-0.44918885827064514,-0.43486014008522034,-0.4205314517021179,-0.4062027335166931,-0.3918740451335907,-0.3775453567504883,-0.3632166385650635,-0.34888795018196106,-0.33455923199653625,-0.32023054361343384,-0.30590182542800903,-0.2915731370449066,-0.2772444486618042,-0.2629157304763794,-0.24858702719211578,-0.23425832390785217,-0.21992963552474976,-0.20560093224048615,-0.19127222895622253,-0.17694352567195892,-0.1626148223876953,-0.1482861191034317,-0.1339574158191681,-0.11962871998548508,-0.10530001670122147,-0.09097132086753845,-0.07664261758327484,-0.06231394410133362,-0.04798524081707001,-0.033656541258096695,-0.019327839836478233,-0.004999138414859772,0.00932956300675869,0.02365826442837715,0.037986963987350464,0.052315667271614075,0.06664437055587769,0.0809730738401413,0.09530176967382431,0.10963047295808792,0.12395917624235153,0.13828787207603455,0.15261657536029816,0.16694527864456177,0.18127398192882538,0.195602685213089,0.2099313884973526,0.2242600917816162,0.23858878016471863,0.25291749835014343,0.26724618673324585,0.28157490491867065,0.29590359330177307,0.3102322816848755,0.3245609998703003,0.3388896882534027,0.3532184064388275,0.36754709482192993,0.38187581300735474,0.39620450139045715],"_type":"histogram"},"_runtime":173.295697,"_timestamp":1.728848377331496e+09,"_wandb":{"runtime":173},